Date,cost_Facebook,cost_Google,cost_X,cost_TikTok,cost_Reddit,impression_Facebook,impression_Google,impression_X,impression_TikTok,impression_Reddit,Sales,Brand_Volume,Brand_Non_Volume,Brand_Non_Volume_1,wei,Retail_sales__total,GAFO_1_,unemployment,cpi,cpi_percent_change,cfi_shipments,ics,fed_rate,mei,sp,sp_pecentage_change,Sales_2024,Sales_2025
2024-02-02,1596.61,5878.78,100,0,0,67910,16189,51317,0,0,387550.49,26,28,58,2.14,37528.89655,7860.965517,0.268965517,21.4017931,0.220689655,0.077241379,5.303448276,0.367586207,0.048275862,345.6524138,0.00297931,0,0
2024-02-09,5162.929998,18375.33,350,0,0,393613,42243,179636,0,0,706538.55,43,29,63,2.14,131351.1379,27513.37931,0.94137931,74.90627586,0.772413793,0.270344828,18.56206897,1.286551724,0.168965517,1209.783448,0.010427586,1,0
2024-02-16,8163.14,15844.23,1250.92804,0,0,795354,40841,1457973,0,0,653945.03,39,31,62,1.54,131351.1379,27513.37931,0.94137931,74.90627586,0.772413793,0.270344828,18.56206897,1.286551724,0.168965517,1209.783448,0.010427586,1,0
2024-02-23,10581.4,23403.96,714.124487,0,0,1146426,44896,1296387,0,0,590916.44,58,45,75,1.63,131351.1379,27513.37931,0.94137931,74.90627586,0.772413793,0.270344828,18.56206897,1.286551724,0.168965517,1209.783448,0.010427586,1,0
2024-03-01,10467.32,28509.26,2016.040489,0,0,1067687,70510,3360867,0,0,636089.45,58,63,71,1.75,131867.1735,27679.44494,0.932703003,74.28060512,0.774972191,0.26753059,18.47163515,1.274694105,0.170634038,1203.749822,0.009960512,1,0
2024-03-08,11174.09,25275.47,816.749193,0,0,1201958,62494,2014785,0,0,660439.05,53,58,76,2.18,134963.3871,28675.83871,0.880645161,70.52658065,0.790322581,0.250645161,17.92903226,1.203548387,0.180645161,1167.548065,0.007158065,1,0
2024-03-15,11537.33,31471.99,833.998492,0,0,1169908,61514,1844395,0,0,671831.03,50,45,73,1.78,134963.3871,28675.83871,0.880645161,70.52658065,0.790322581,0.250645161,17.92903226,1.203548387,0.180645161,1167.548065,0.007158065,1,0
2024-03-22,11296.4,32942.88,835.090088,0,0,1282411,60822,3555144,0,0,655677.04,30,46,73,1.66,134963.3871,28675.83871,0.880645161,70.52658065,0.790322581,0.250645161,17.92903226,1.203548387,0.180645161,1167.548065,0.007158065,1,0
2024-03-29,11339.77,29738.03,1139.793449,0,0,1400345,60855,3301373,0,0,764765.71,40,38,68,1.83,134963.3871,28675.83871,0.880645161,70.52658065,0.790322581,0.250645161,17.92903226,1.203548387,0.180645161,1167.548065,0.007158065,1,0
2024-04-05,14982.35,61329.2,1858.718173,0,0,1950356,106065,5503693,0,0,984444.89,44,37,68,1.89,137523.3011,28162.26344,0.901612903,72.40845161,0.792473118,0.254946237,17.98924731,1.232204301,0.101612903,1182.828495,-0.000371505,0,0
2024-04-12,11167.71,46811.89,1383.439789,0,0,1674998,80442,4391878,0,0,1226229.75,41,34,64,1.77,138547.2667,27956.83333,0.91,73.1612,0.793333333,0.256666667,18.01333333,1.243666667,0.07,1188.940667,-0.003383333,0,0
2024-04-19,421.32,2591.28,342.628984,0,0,60032,8486,923649,0,0,131386.03,35,30,74,1.89,138547.2667,27956.83333,0.91,73.1612,0.793333333,0.256666667,18.01333333,1.243666667,0.07,1188.940667,-0.003383333,0,0
2024-04-26,691.86,3275.89,666.960917,0,0,63351,7434,1065114,0,0,125016.74,20,30,58,1.74,138547.2667,27956.83333,0.91,73.1612,0.793333333,0.256666667,18.01333333,1.243666667,0.07,1188.940667,-0.003383333,0,0
2024-05-03,706.92,2736.38,680.076634,0,0,59657,6588,933897,0,0,123318.15,25,27,58,1.8,140314.8989,28798.97849,0.907096774,72.20017419,0.772688172,0.25311828,16.98043011,1.226473118,0.049677419,1186.029828,0.00071828,0,0
2024-05-10,683.74,3122.04,676.182419,0,0,58513,6425,623283,0,0,141486.14,23,26,56,1.5,142671.7419,29921.83871,0.903225806,70.91880645,0.74516129,0.248387097,15.60322581,1.203548387,0.022580645,1182.14871,0.006187097,0,0
2024-05-17,704.31,3013.64,684.7552,0,0,60716,7641,726298,0,0,120657.94,23,30,59,2.03,142671.7419,29921.83871,0.903225806,70.91880645,0.74516129,0.248387097,15.60322581,1.203548387,0.022580645,1182.14871,0.006187097,0,0
2024-05-24,700.88,2664.2,688.232327,0,0,58323,6766,902057,0,0,110313.94,27,27,53,1.86,142671.7419,29921.83871,0.903225806,70.91880645,0.74516129,0.248387097,15.60322581,1.203548387,0.022580645,1182.14871,0.006187097,0,0
2024-05-31,710.8,3084.73,700,0,0,60851,6637,937953,0,0,98074.69,22,30,56,2.51,142671.7419,29921.83871,0.903225806,70.91880645,0.74516129,0.248387097,15.60322581,1.203548387,0.022580645,1182.14871,0.006187097,0,0
2024-06-07,684.92,2846.83,699.737489,0,0,60059,6662,796725,0,0,124084.54,24,26,55,2.05,138366.4333,29668.8,0.956666667,73.3075,0.7,0.252,15.91333333,1.243666667,-0.046666667,1263.532667,0.008003333,0,0
2024-06-14,687.62,3247.8,698.977971,0,0,63629,6155,762162,0,0,127293.45,19,26,50,2.38,138366.4333,29668.8,0.956666667,73.3075,0.7,0.252,15.91333333,1.243666667,-0.046666667,1263.532667,0.008003333,0,0
2024-06-21,690.18,2724.61,642.554677,0,0,65026,6111,642367,0,0,143239.85,32,24,52,2.24,138366.4333,29668.8,0.956666667,73.3075,0.7,0.252,15.91333333,1.243666667,-0.046666667,1263.532667,0.008003333,0,0
2024-06-28,694.75,2758.8,1200,0,0,72103,6079,744270,0,0,124148.7,17,24,49,2.17,138366.4333,29668.8,0.956666667,73.3075,0.7,0.252,15.91333333,1.243666667,-0.046666667,1263.532667,0.008003333,0,0
2024-07-05,691.32,3012.36,697.911069,0,0,70583,6254,627182,0,0,114833.56,20,23,50,2.39,139280.3634,29101.31613,0.950752688,71.67725806,0.667741935,0.251032258,15.25634409,1.215010753,-0.126236559,1254.23514,0.005947957,0,0
2024-07-12,689.79,2985.8,676.090794,0,0,63438,6799,722571,0,0,112128.77,25,28,54,2.68,139645.9355,28874.32258,0.948387097,71.02516129,0.65483871,0.250645161,14.99354839,1.203548387,-0.158064516,1250.516129,0.005125806,0,0
2024-07-19,709.35,2904.28,700,0,0,54698,7550,592590,0,0,135925.91,22,27,57,1.83,139645.9355,28874.32258,0.948387097,71.02516129,0.65483871,0.250645161,14.99354839,1.203548387,-0.158064516,1250.516129,0.005125806,0,0
2024-07-26,691.65,2587.5,700,0,0,57902,6793,455537,0,0,147539.66,20,25,53,2,139645.9355,28874.32258,0.948387097,71.02516129,0.65483871,0.250645161,14.99354839,1.203548387,-0.158064516,1250.516129,0.005125806,0,0
2024-08-02,687.63,3343.4,700,0,0,57839,6272,549754,0,0,115310.34,23,31,55,1.71,139903.2903,29314.51613,0.948387097,71.04167742,0.629032258,0.251290323,15.09032258,1.203548387,-0.158064516,1246.65871,0.002964516,0,0
2024-08-09,694.89,2704.73,800,0,0,46481,5194,620176,0,0,157848.42,23,25,52,1.85,140546.6774,30415,0.948387097,71.08296774,0.564516129,0.252903226,15.33225806,1.203548387,-0.158064516,1237.015161,-0.00243871,0,0
2024-08-16,689.97,2979.63,1099.999845,0,0,50747,5079,744440,0,0,137329.54,32,24,57,2.01,140546.6774,30415,0.948387097,71.08296774,0.564516129,0.252903226,15.33225806,1.203548387,-0.158064516,1237.015161,-0.00243871,0,0
2024-08-23,684.28,2704.93,700,0,0,47406,5314,675102,0,0,117661.24,24,21,52,2.04,140546.6774,30415,0.948387097,71.08296774,0.564516129,0.252903226,15.33225806,1.203548387,-0.158064516,1237.015161,-0.00243871,0,0
2024-08-30,630.33,3133.75,649.783619,0,0,50590,5158,868027,0,0,125580.72,20,21,52,1.99,140546.6774,30415,0.948387097,71.08296774,0.564516129,0.252903226,15.33225806,1.203548387,-0.158064516,1237.015161,-0.00243871,0,0
2024-09-06,3246.069999,3620.868388,715.259592,0,0,297664,5877,645477,0,0,127002.37,27,20,51,2.36,135894.6968,28601.8,0.955483871,73.21490968,0.560645161,0.256129032,16.21032258,1.197935484,-0.142580645,1300.968452,0.004891613,0,0
2024-09-13,5529.32,4848.054258,795.459703,0,0,539889,7459,368517,0,0,131490.3,19,24,52,2.02,135119.3667,28299.6,0.956666667,73.57023333,0.56,0.256666667,16.35666667,1.197,-0.14,1311.627333,0.006113333,0,0
2024-09-20,8899.35,6001.838985,1346.799528,400.28,0,912885,9941,478746,78151,0,155177.68,49,25,55,2.05,135119.3667,28299.6,0.956666667,73.57023333,0.56,0.256666667,16.35666667,1.197,-0.14,1311.627333,0.006113333,0,0
2024-09-27,11306.53,6503.994187,1295.451572,1169.159999,0,951251,10276,899936,159544,0,198660.01,17,23,53,2.41,135119.3667,28299.6,0.956666667,73.57023333,0.56,0.256666667,16.35666667,1.197,-0.14,1311.627333,0.006113333,0,0
2024-10-04,20942.06,10964.80619,1227.946502,430.56,0,1806588,16608,1135163,61544,0,213437,69,22,55,2.09,138261.5903,28790.72258,0.939032258,72.26093871,0.575483871,0.249354839,16.10677419,1.136225806,-0.124516129,1309.522129,0.006542581,0,0
2024-10-11,38465.85,11131.09407,1007.205841,0,0,3310087,18367,2193662,0,0,329355.7,28,25,57,2.24,140618.2581,29159.06452,0.925806452,71.27896774,0.587096774,0.243870968,15.91935484,1.090645161,-0.112903226,1307.943226,0.006864516,0,0
2024-10-18,2101.36,537.37,69.4207,0,0,116687,2469,105873,0,0,88991.32,18,24,58,1.95,140618.2581,29159.06452,0.925806452,71.27896774,0.587096774,0.243870968,15.91935484,1.090645161,-0.112903226,1307.943226,0.006864516,0,0
2024-10-25,2150.7,501.336248,64.10042,0,0,132053,2180,76762,0,0,96628.15,0,25,57,1.73,140618.2581,29159.06452,0.925806452,71.27896774,0.587096774,0.243870968,15.91935484,1.090645161,-0.112903226,1307.943226,0.006864516,0,0
2024-11-01,2049.18,575.75,69.879728,0,0,167604,2309,89979,0,0,79288.23,29,32,53,2.13,141543.2355,29714.2172,0.933548387,71.6126914,0.593225806,0.245232258,16.03849462,1.089505376,-0.120107527,1318.758194,0.006677204,0,0
2024-11-08,2080.78,708.7786,69.866614,0,0,95612,5262,59005,0,0,127148.16,53,71,85,1.66,147093.1,33045.13333,0.98,73.61503333,0.63,0.2534,16.75333333,1.082666667,-0.163333333,1383.648,0.005553333,0,0
2024-11-15,2119.27,2365.073882,69.704662,0,0,93891,11998,43440,0,0,118384.37,81,76,85,2.06,147093.1,33045.13333,0.98,73.61503333,0.63,0.2534,16.75333333,1.082666667,-0.163333333,1383.648,0.005553333,0,0
2024-11-22,2093.63,3404.373455,69.632631,0,0,89106,21181,41477,0,0,126757.61,65,68,72,1.89,147093.1,33045.13333,0.98,73.61503333,0.63,0.2534,16.75333333,1.082666667,-0.163333333,1383.648,0.005553333,0,0
2024-11-29,2251.03,5446.328685,69.381924,0,0,101187,34568,56863,0,0,156815.23,100,100,100,3.21,147093.1,33045.13333,0.98,73.61503333,0.63,0.2534,16.75333333,1.082666667,-0.163333333,1383.648,0.005553333,0,0
2024-12-06,5514.949999,6297.967243,910.655908,450.31,0,271304,33714,313234,24196,0,146844.14,61,78,95,1.73,154815.6226,37575.18495,0.933548387,71.60127204,0.651290323,0.231103226,16.71591398,1.021763441,-0.197526882,1361.065935,0.003444946,0,0
2024-12-13,7784.25,8746.650673,1893.305223,1050.13,302.963977,358333,44554,542691,41871,88824,192760.09,58,67,77,2.18,156102.7097,38330.19355,0.925806452,71.26564516,0.65483871,0.227387097,16.70967742,1.011612903,-0.203225806,1357.302258,0.003093548,0,0
2024-12-20,7760.619999,7277.121217,3710.560758,1050.24,1052.471126,470031,33637,807129,47871,314274,156695.43,56,48,58,2.79,156102.7097,38330.19355,0.925806452,71.26564516,0.65483871,0.227387097,16.70967742,1.011612903,-0.203225806,1357.302258,0.003093548,0,0
2024-12-27,7460.19,6265.706424,3475.026444,1049.41,1147.294338,665928,31540,756209,96638,327008,328349.88,58,50,59,2.48,156102.7097,38330.19355,0.925806452,71.26564516,0.65483871,0.227387097,16.70967742,1.011612903,-0.203225806,1357.302258,0.003093548,0,0
2025-01-03,8367.989999,6375.728136,1974.398631,399.91,1053.427475,864997,29716,681144,55687,276552,353809.23,21,43,34,2.71,144039.8065,33043.41935,0.916129032,71.46558065,0.664516129,0.222258065,16.48709677,0.997096774,-0.212903226,1354.264516,0.001264516,0,0
2025-01-10,9567.229999,7952.877007,3146.547729,56.6,1052.396562,881365,33254,1050693,7244,226865,465275.53,29,55,39,1.98,127955.9355,25994.3871,0.903225806,71.73216129,0.677419355,0.215419355,16.19032258,0.977741935,-0.225806452,1350.214194,-0.001174194,0,0
2025-01-17,9500.62,9836.009052,1893.745573,1093.21,1051.765085,864246,46720,2065075,207405,219103,1397336.08,100,100,54,2.28,127955.9355,25994.3871,0.903225806,71.73216129,0.677419355,0.215419355,16.19032258,0.977741935,-0.225806452,1350.214194,-0.001174194,0,1
2025-01-24,9267.879999,15232.80851,6751.205339,1091.53,703.904117,834569,56629,2958893,339395,142753,1119880.65,39,56,44,2.81,127955.9355,25994.3871,0.903225806,71.73216129,0.677419355,0.215419355,16.19032258,0.977741935,-0.225806452,1350.214194,-0.001174194,0,1
2025-01-31,14385.77,20098.08706,2575.611901,1050.07,0,1367239,64853,1053578,246023,0,1283814.14,33,58,49,2.8,127955.9355,25994.3871,0.903225806,71.73216129,0.677419355,0.215419355,16.19032258,0.977741935,-0.225806452,1350.214194,-0.001174194,0,1
2025-02-07,17297.9,24730.50753,2223.308046,748.34,0,1618611,71283,1372571,263667,0,940095.32,35,41,43,2.4,135992.5,28131.25,1.025,79.7705,0.7,0.2635,16.175,1.0825,-0.2,1488.625,0.002475,0,1
2025-02-14,26976.4,31176.3066,8846.896243,0,11062.93614,11011166,80053,2162668,0,2199751,1080903.49,15,45,46,2.55,135992.5,28131.25,1.025,79.7705,0.7,0.2635,16.175,1.0825,-0.2,1488.625,0.002475,0,1
2025-02-21,40082.56,40946.80492,14404.02402,328.66,30519.6147,16883790,93644,2064810,35821,6194046,912902.83,24,45,44,2.51,135992.5,28131.25,1.025,79.7705,0.7,0.2635,16.175,1.0825,-0.2,1488.625,0.002475,0,1
2025-02-28,39412.21,41167.24658,14641.77192,592.939999,29175.04494,17042116,98730,1845563,104870,5832929,1117671.13,18,66,43,2.43,135992.5,28131.25,1.025,79.7705,0.7,0.2635,16.175,1.0825,-0.2,1488.625,0.002475,0,1
2025-03-07,39042.5,48410.26862,14960.37425,381.329999,29198.02831,15008988,95341,1504119,47639,5611889,1603372.27,21,40,42,2.26,141118.6452,29027.41935,0.948387097,72.21267742,0.541935484,0.238,12.87096774,0.977741935,-0.158064516,1267.191935,-0.013254839,0,0
2025-03-14,51089.47,46352.12355,15222.74834,14.11,28805.2421,14281393,91005,1323798,387,5236999,1579709.8,18,32,39,2.61,141118.6452,29027.41935,0.948387097,72.21267742,0.541935484,0.238,12.87096774,0.977741935,-0.158064516,1267.191935,-0.013254839,0,0
2025-03-21,55263.77,65890.83225,15880.97621,27.65,23275.77481,14691521,103095,1748661,404,4130308,1801439.11,18,30,38,2.34,141118.6452,29027.41935,0.948387097,72.21267742,0.541935484,0.238,12.87096774,0.977741935,-0.158064516,1267.191935,-0.013254839,0,0
2025-03-28,59280.77,77482.50537,17593.58393,249.87,24871.71482,15519960,111142,2207223,68359,4811823,1900560.45,17,32,38,2.09,141118.6452,29027.41935,0.948387097,72.21267742,0.541935484,0.238,12.87096774,0.977741935,-0.158064516,1267.191935,-0.013254839,0,0
2025-04-04,36787.31,104948.7845,21781.49594,541.019997,33808.26061,8805518,324017,3303238,151117,6512936,2283140.15,20,32,38,2.29,143646.886,29205.65591,0.966451613,73.72095699,0.538924731,0.243066667,12.47612903,0.996365591,-0.121075269,1285.623591,-0.013067312,0,0
2025-04-11,36740.43,106379.6604,24812.97676,389.33,37809.41997,8357833,186126,3291469,78763,7150858,3297781.99,21,26,36,3.08,145543.0667,29339.33333,0.98,74.85216667,0.536666667,0.246866667,12.18,1.010333333,-0.093333333,1299.447333,-0.012926667,0,0
2025-04-18,2089.26,6725.525402,1373.609587,0,719.902349,287704,39397,76189,0,98531,828804.76,12,28,39,2.58,145543.0667,29339.33333,0.98,74.85216667,0.536666667,0.246866667,12.18,1.010333333,-0.093333333,1299.447333,-0.012926667,0,0
2025-04-25,2115.69,5801.109869,1400,0,712.996092,300693,57910,58238,0,99463,320792.06,16,27,42,2.68,145543.0667,29339.33333,0.98,74.85216667,0.536666667,0.246866667,12.18,1.010333333,-0.093333333,1299.447333,-0.012926667,0,0
2025-05-02,2087.47,5645.03565,1309.356877,0,701.239343,311652,60976,72596,0,101226,274856.75,18,33,44,2.33,145721.0108,29820.21505,0.970967742,74.20551075,0.538172043,0.244333333,12.06774194,1.001021505,-0.092473118,1309.576022,-0.003930108,0,0
2025-05-09,2086.43,5915.772843,1009.367764,0,697.736024,298777,58610,54419,0,92822,539971.23,11,35,42,2.57,146165.871,31022.41935,0.948387097,72.58887097,0.541935484,0.238,11.78709677,0.977741935,-0.090322581,1334.897742,0.01856129,0,0
2025-05-16,2095.75,5359.790543,0,0,703.734571,311845,44469,0,0,106918,453644.8,9,36,38,2.1,146165.871,31022.41935,0.948387097,72.58887097,0.541935484,0.238,11.78709677,0.977741935,-0.090322581,1334.897742,0.01856129,0,0
2025-05-23,2096.58,5297.394291,0,0,701.246745,276135,26499,0,0,87161,229742.87,8,38,38,1.93,146165.871,31022.41935,0.948387097,72.58887097,0.541935484,0.238,11.78709677,0.977741935,-0.090322581,1334.897742,0.01856129,0,0
2025-05-30,2067.67,4456.261659,0,0,699.841997,307743,18171,0,0,74343,239426.73,11,30,45,2.05,146165.871,31022.41935,0.948387097,72.58887097,0.541935484,0.238,11.78709677,0.977741935,-0.090322581,1334.897742,0.01856129,0,0
2025-06-06,1988.25,4442.084845,0,0,712.43327,283726,15791,0,0,72382,298415.99,12,32,57,1.78,144087.0387,30249.37419,0.955483871,74.88203871,0.617419355,0.2444,13.82387097,1.005677419,-0.252903226,1431.689677,0.008651613,0,0
2025-06-13,1805.44,4742.454259,0,0,701.993508,238512,15223,0,0,60491,306394.22,16,31,60,1.96,143740.5667,30120.53333,0.956666667,75.26423333,0.63,0.245466667,14.16333333,1.010333333,-0.28,1447.821667,0.007,0,0
2025-06-20,1942.82,4631.931233,64.582664,0,697.876228,266148,15792,5241,0,66049,218947.58,13,32,64,2.03,143740.5667,30120.53333,0.956666667,75.26423333,0.63,0.245466667,14.16333333,1.010333333,-0.28,1447.821667,0.007,0,0
2025-06-27,1940.34,4581.100215,400,0,704.10903,260065,17542,278264,0,62637,257890.41,12,32,60,2.37,143740.5667,30120.53333,0.956666667,75.26423333,0.63,0.245466667,14.16333333,1.010333333,-0.28,1447.821667,0.007,0,0
2025-07-04,1964.84,5468.911765,699.850673,0,692.976298,248328,19734,547880,0,93270,200128.56,17,44,59,2.15,144763.4871,30081.83226,0.951935484,73.9397129,0.618387097,0.238490323,14.03129032,0.991709677,-0.27483871,1438.480806,0.009529032,0,0
2025-07-11,1986.08,5380.167412,699.976428,0,697.078223,198684,27243,495205,0,75120,244881.58,25,84,71,2.65,145530.6774,30052.80645,0.948387097,72.94632258,0.609677419,0.233258065,13.93225806,0.977741935,-0.270967742,1431.475161,0.011425806,0,0
2025-07-18,2033.01,4809.975233,699.808384,0,690.484809,237585,27114,566369,0,69963,296337.28,32,85,84,2.36,145530.6774,30052.80645,0.948387097,72.94632258,0.609677419,0.233258065,13.93225806,0.977741935,-0.270967742,1431.475161,0.011425806,0,0
2025-07-25,2089.319998,4301.573045,700,0,699.73922,274707,25011,594580,0,86881,263592.76,36,81,100,2.25,145530.6774,30052.80645,0.948387097,72.94632258,0.609677419,0.233258065,13.93225806,0.977741935,-0.270967742,1431.475161,0.011425806,0,0
2025-08-01,2092.99,3838.726423,515.058591,0,695.225585,250582,21175,452559,0,75859,289831.53,23,50,76,2.59,145411.6452,30232.41935,0.951612903,72.97625806,0.616129032,0.232741935,13.81935484,0.977741935,-0.261290323,1435.374194,0.010408597,0,0
2025-08-08,2178.38,4800.541947,400,49.959999,690.424519,246710,79602,241689,3775,69820,339184.21,22,50,69,2.61,144697.4516,31310.09677,0.970967742,73.15587097,0.65483871,0.229645161,13.14193548,0.977741935,-0.203225806,1458.768387,0.004305339,0,0
2025-08-15,2413.9,5260.277544,699.732741,350.44,672.097414,297121,24084,419017,41633,59886,343338.62,22,39,63,2.52,144697.4516,31310.09677,0.970967742,73.15587097,0.65483871,0.229645161,13.14193548,0.977741935,-0.203225806,1458.768387,0.004305339,0,0
2025-08-22,2633.819999,8259.217935,699.313274,318.639999,742.104905,265649,210614,447611,28422,63964,379109.42,12,37,60,2.55,144697.4516,31310.09677,0.970967742,73.15587097,0.65483871,0.229645161,13.14193548,0.977741935,-0.203225806,1458.768387,0.004305339,0,0
2025-08-29,2895.58,6499.518089,999.343474,0,1064.054167,324916,71432,465840,0,96381,373446.39,17,35,59,2.63,144697.4516,31310.09677,0.970967742,73.15587097,0.65483871,0.229645161,13.14193548,0.977741935,-0.203225806,1458.768387,0.004305339,0,0
2025-09-05,4038.26,6978.98916,1398.799811,118.79,1617.959284,414202,58764,402789,25897,154617,402679.88,13,32,50,2.23,143217.9624,29646.74194,1.010752688,75.03501075,0.687096774,0.23927957,12.93817204,0.982688172,-0.241397849,1531.534301,0.007117373,0,0
2025-09-12,5710.15,11485.12961,2187.202807,366.78,3031.100551,642670,89280,477392,46169,274949,344896.35,10,43,75,2.32,142626.1667,28981.4,1.026666667,75.78666667,0.7,0.243133333,12.85666667,0.984666667,-0.256666667,1560.640667,0.008242186,0,0
2025-09-19,6611,11835.66207,3241.184472,348.38,3542.975131,632435,113389,693946,52502,323285,381081.37,12,45,77,2.31,142626.1667,28981.4,1.026666667,75.78666667,0.7,0.243133333,12.85666667,0.984666667,-0.256666667,1560.640667,0.008242186,0,0
2025-09-26,7309.11,10568.53919,4222.228462,341.73,3489.68025,730544,208250,941402,38374,273156,461299.05,19,38,72,2.07,142626.1667,28981.4,1.026666667,75.78666667,0.7,0.243133333,12.85666667,0.984666667,-0.256666667,1560.640667,0.008242186,0,0
2025-10-03,10554.67,14607.09292,3157.716908,349.589999,2602.425744,1213501,162532,1192282,86327,261593,586206.9,14,46,65,2.37,81500.66667,16560.8,0.586666667,43.30666667,0.4,0.138933333,7.346666667,0.562666667,-0.146666667,891.7946667,0.004709821,0,0
2025-10-10,13275.42,17182.25755,1350.302695,347.79,556.418195,1408658,336525,932123,119385,44443,803611.29,15,46,58,2.44,127563.3318,25864.48822,0.835489453,64.42706246,0.472613665,0.201273705,11.58013046,0.788790364,-0.26162169,1338.318675,0.005204557,0,0
2025-10-17,2142.91,5857.989716,363.848914,316.359999,418.626174,150161,75018,134552,155168,36781,445007.99,11,38,58,2.5,136110.2284,27281.70001,0.872922121,68.06226968,0.49002865,0.210614677,12.4064424,0.817609972,-0.272076751,1419.965798,0.005297736,0,0
2025-10-24,1386.01,5459.237612,151.863029,364.459999,219.976432,40031,45864,103210,120833,19496,315362.3,14,43,64,2.13,144675.8014,29224.32442,0.925070228,72.25523702,0.527800733,0.222228092,13.39957936,0.862955027,-0.296147865,1516.692821,0.005317525,0,0
2025-10-31,1436.06,5905.688788,189.68763,699.4,565.36571,37330,56382,145487,257314,43452,320705.99,18,54,73,2.02,147777.2825,30683.80018,0.946925231,73.36180016,0.54856958,0.225851132,13.77341779,0.872137387,-0.321599302,1555.019383,0.005107619,0,0
2025-11-07,1369.56,5680.17119,187.26432,694.56,553.901208,42925,38544,111647,166370,34971,299055.93,16,50,74,2.27,145979.2005,31263.91629,0.937652222,71.69147001,0.543415372,0.222999789,13.51002299,0.843725461,-0.334824446,1535.345638,0.004746208,0,0
2025-11-14,1491.24,7000.592945,175.60425,681.579999,390.063439,42249,53022,107632,247332,28847,304962.62,29,58,80,1.95,144420.8246,31437.94364,0.930844134,70.53799043,0.537154576,0.222352229,13.30567821,0.821024557,-0.335470748,1518.777539,0.004353819,0,0
2025-11-21,1748.71,6222.00171,174.523518,519.339999,209.34284,57133,56051,111683,202699,19340,449301.27,23,45,68,2.33,146764.7532,32015.60063,0.944219351,71.73779017,0.552647028,0.226372332,13.65724961,0.830894951,-0.337122601,1545.163402,0.003945894,0,0
2025-11-28,3034.72,7007.53711,124.865106,533.67,198.659594,150611,47623,93125,107067,21399,406892.73,20,47,71,2.19,151659.9417,33411.85156,0.954450375,73.33065815,0.579789628,0.226967635,14.21792933,0.846751658,-0.351268928,1583.965286,0.003453045,0,0
2025-12-05,3344.569999,6904.954895,108.601705,390.56,146.403132,179613,63537,89366,41411,13297,552004.11,15,44,79,2.26,155303.2108,35353.58737,0.930048221,72.27907622,0.589097268,0.216461166,14.25278213,0.824676693,-0.372947196,1578.134981,0.002844099,0,0
2025-12-12,3339.029999,7169.732378,138.423132,281.349999,140.133204,210650,67556,84950,49666,12910,500675.48,18,41,77,2.3,156161.4745,37081.73984,0.879501889,68.79827086,0.572846642,0.199867513,13.64603152,0.767222546,-0.386239688,1524.503242,0.002200241,0,0
2025-12-19,4105.859999,9300.467032,260.916311,199.05,141.217509,267911,62452,116598,117408,10814,499974.75,20,37,64,2.31,155702.5816,37692.91467,0.849097532,66.61818671,0.559564832,0.191391033,13.1546702,0.729561598,-0.384139293,1486.069489,0.001623552,0,0
2025-12-26,4541.6,8919.629321,310.907702,120.34,117.763927,400560,49890,128155,109826,11301,684965.37,28,41,71,2.21,154629.3745,36428.67928,0.866914479,68.44498001,0.579156775,0.19741315,13.48373131,0.752182863,-0.378516002,1514.703586,0.001033374,0,0